drifter_id,segment_id,L,omega_ast_bar,sense,npoints,duration_hours,xi_bar,kappa_bar,rho_x
2447,4,16.828773,-0.125097,cw,3471,3471.0000,-0.936644,59.201803,0.000000
69341,8,6.005295,0.500982,ccw,244,244.0000,0.763470,4.541773,0.007471
6938,9,3.039541,-0.114423,cw,707,707.0000,-0.907969,59.909559,0.034694
6935,10,5.734614,0.175975,ccw,820,820.0000,0.934535,37.695313,0.000000
128,38,6.557577,0.258504,ccw,666,666.0000,0.878730,17.712517,0.000000
65,48,2.943027,-0.066747,cw,1307,1307.0000,-0.894016,59.439677,0.069090
65,48,2.791060,0.421860,ccw,180,180.0000,0.717810,8.848216,0.068957
130,52,3.318682,0.067958,ccw,1318,1318.0000,0.887536,41.259324,0.020532
115,60,2.268171,0.310278,ccw,177,177.0000,0.912283,7.068334,0.015108
177,90,2.357311,0.140400,ccw,409,409.0000,0.933620,21.202262,0.074950
190,92,2.221301,0.208689,ccw,257,257.0000,0.926003,22.159109,0.069716
76,96,6.065407,0.233307,ccw,603,603.0000,0.892341,19.061184,0.000000
72,101,2.261365,0.436611,ccw,127,127.0000,0.845033,2.048863,0.024201
61,115,1.840231,0.177875,ccw,243,243.0000,0.961962,8.666622,0.094942
61,115,2.798210,0.370655,ccw,172,172.0000,0.972242,7.811478,0.000000
61,115,2.160286,0.261097,ccw,231,231.0000,0.909456,16.568858,0.052512
194,131,4.647049,0.240004,ccw,475,475.0000,0.877274,16.918517,0.000000
38,133,2.275516,-0.488264,cw,96,96.0000,-0.898930,2.316486,0.044228
58,143,2.816798,0.216553,ccw,295,295.0000,0.848672,8.803991,0.086681
83,158,6.768584,0.097990,ccw,1559,1559.0000,0.809515,41.856063,0.000000
59,160,3.642043,0.248500,ccw,377,377.0000,0.934127,7.816771,0.000000
59,160,1.695855,0.341188,ccw,122,122.0000,0.899284,7.482033,0.025460
151,164,5.151385,0.276583,ccw,432,432.0000,0.721618,10.558464,0.049581
68,165,2.492386,0.228594,ccw,259,259.0000,0.866861,16.455296,0.099873
82,169,2.867602,0.044834,ccw,1450,1450.0000,0.902662,61.028029,0.061375
97,174,5.563010,-0.418088,cw,256,256.0000,-0.942630,5.353081,0.000000
156,189,2.813461,0.150605,ccw,346,346.0000,0.888006,24.918038,0.076305
140,200,2.333967,0.092239,ccw,654,654.0000,0.925126,36.221039,0.084231
215,220,2.780939,0.120148,ccw,451,451.0000,0.924635,19.030511,0.039592
257,322,5.680972,0.239305,ccw,562,562.0000,0.904659,11.232132,0.000000
325,346,2.279480,0.280522,ccw,197,197.0000,0.853086,4.391087,0.064430
335,362,5.505850,0.090367,ccw,1353,1353.0000,0.814573,43.841602,0.000000
384,389,2.909358,-0.096319,cw,769,769.0000,-0.935478,24.801895,0.029705
493,405,5.716412,0.162541,ccw,946,946.0000,0.874646,47.188498,0.000000
510,445,8.399286,0.159409,ccw,1323,1323.0000,0.752125,39.128345,0.000000
569,482,6.206128,-0.130387,cw,1027,1027.0000,-0.791803,15.397014,0.018998
636,506,4.285095,-0.101758,cw,1247,1247.0000,-0.982691,127.885145,0.000000
636,506,8.241688,-0.143028,cw,1556,1556.0000,-0.916953,52.898310,0.000000
655,596,3.609888,0.172366,ccw,507,507.0000,0.906134,16.359921,0.000000
20027,665,5.020379,-0.054445,cw,2276,2276.0000,-0.868796,75.484419,0.000000
20027,665,5.583068,0.239278,ccw,664,664.0000,0.818919,15.695580,0.000000
9818773,676,17.915322,1.084637,ccw,460,460.0000,0.756516,3.225274,0.000000
9818773,676,10.428370,0.886141,ccw,287,287.0000,0.752284,2.618124,0.000000
9815989,677,12.132244,0.439026,ccw,627,627.0000,0.899661,6.214306,0.000000
22167,686,5.201113,0.102074,ccw,1046,1046.0000,0.852346,17.784552,0.000000
2022911,687,3.582854,-0.060042,cw,1570,1570.0000,-0.873051,76.183529,0.022768
26658,693,2.973566,0.593119,ccw,128,128.0000,0.904147,4.256146,0.007307
39779,704,2.904492,1.467857,ccw,58,58.0000,0.830447,1.193766,0.078974
39779,704,3.886374,0.730340,ccw,131,131.0000,0.924001,3.628627,0.000000
39779,704,3.658616,-0.038059,cw,2855,2855.0000,-0.827438,93.817790,0.098629
40430,706,13.151592,0.191165,ccw,1604,1604.0000,0.865023,43.720336,0.000000
40430,706,4.604458,0.122018,ccw,1038,1038.0000,0.879017,37.289858,0.000000
118532,709,5.980943,0.848905,ccw,186,186.0000,0.806267,2.678902,0.000000
145689,711,4.955709,0.971963,ccw,125,125.0000,0.784034,2.249765,0.016044
7647,725,3.746498,0.190350,ccw,497,497.0000,0.806855,18.853017,0.095528
59151,737,24.871004,0.302729,ccw,2268,2268.0000,0.959628,23.300432,0.000000
59853,739,3.704165,0.355185,ccw,266,266.0000,0.848499,10.027799,0.000000
57923,742,2.814911,0.376031,ccw,184,184.0000,0.827225,12.288974,0.022488
57923,742,2.386187,0.234186,ccw,283,283.0000,0.936937,25.394737,0.038142
62283,745,4.126429,0.152539,ccw,805,805.0000,0.841547,46.026362,0.026480
62249,748,5.261277,-0.076888,cw,1995,1995.0000,-0.759542,139.435395,0.094870
78334,752,3.252604,0.097148,ccw,926,926.0000,0.904674,64.336522,0.022018
78334,752,9.669232,-0.041750,cw,4028,4028.0000,-0.887649,82.923944,0.000000
78334,752,3.290280,0.114118,ccw,871,871.0000,0.919888,45.583003,0.000000
78334,752,18.428060,0.186845,ccw,2409,2409.0000,0.939094,37.174155,0.000000
78334,752,5.946671,0.863519,ccw,181,181.0000,0.743916,2.398283,0.055769
75636,755,6.688080,1.225963,ccw,138,138.0000,0.740048,2.296246,0.020335
75635,757,2.629008,-0.121133,cw,615,615.0000,-0.922887,50.730304,0.056314
75633,758,3.128290,1.687889,ccw,52,52.0000,0.796168,2.262158,0.000000
88562,765,2.309071,0.938535,ccw,62,62.0000,0.926154,3.211252,0.032127
88579,771,6.368015,0.535126,ccw,298,298.0000,0.961193,16.376420,0.000000
98905,786,2.544420,0.447689,ccw,152,152.0000,0.907234,21.788300,0.008831
98913,787,3.222836,-0.109884,cw,793,793.0000,-0.907895,107.280439,0.028354
98915,788,3.792429,-0.062726,cw,1639,1639.0000,-0.946227,61.919435,0.000000
98915,788,3.008426,-0.269626,cw,281,281.0000,-0.867673,7.700074,0.060202
98911,792,4.110543,-0.111504,cw,1064,1064.0000,-0.822632,106.759526,0.061718
71095,798,5.332639,0.173920,ccw,806,806.0000,0.801607,10.033296,0.017865
37389,802,2.411267,0.408185,ccw,136,136.0000,0.858468,3.334029,0.016161
37389,802,2.581879,0.370817,ccw,176,176.0000,0.902722,6.911627,0.008325
101968,803,3.753627,-0.028093,cw,4156,4156.0000,-0.864301,137.348315,0.027765
101830,809,4.021969,0.413961,ccw,226,226.0000,0.970721,4.730836,0.000000
101830,809,7.756552,1.093644,ccw,175,175.0000,0.698238,2.048533,0.024604
101565,810,7.781826,0.056164,ccw,2935,2935.0000,0.806970,50.268825,0.000000
101604,812,3.191264,0.939023,ccw,70,70.0000,0.922770,3.475262,0.000000
101604,812,2.138218,0.248315,ccw,208,208.0000,0.961564,8.576411,0.030512
101604,812,3.003963,0.464598,ccw,149,149.0000,0.886743,2.532101,0.003035
101605,813,3.572089,0.752374,ccw,115,115.0000,0.786239,3.200483,0.068651
101606,814,1.987194,0.792324,ccw,63,63.0000,0.930705,3.776294,0.065552
101997,823,3.206145,0.102684,ccw,799,799.0000,0.922264,21.358795,0.000000
133220,832,2.958952,0.162430,ccw,476,476.0000,0.859620,21.905880,0.093757
133220,832,2.905542,0.224670,ccw,347,347.0000,0.899467,14.312546,0.040494
133225,833,5.432725,0.093004,ccw,1562,1562.0000,0.775845,50.533460,0.040832
133225,833,4.518288,0.156808,ccw,756,756.0000,0.936488,18.595483,0.000000
127216,842,4.081694,0.275493,ccw,402,402.0000,0.887220,27.376053,0.000000
133207,844,2.991621,0.306647,ccw,252,252.0000,0.970471,26.743691,0.000000
114789,845,3.798961,0.264663,ccw,388,388.0000,0.830558,28.657975,0.021909
132497,858,5.866140,-0.096383,cw,1629,1629.0000,-0.834228,132.634976,0.000000
139742,860,2.249580,0.302065,ccw,203,203.0000,0.892405,9.133752,0.037205
114877,863,3.393110,0.077512,ccw,1351,1351.0000,0.852831,48.050797,0.063435
109004,879,5.359897,-0.076952,cw,1329,1329.0000,-0.755169,135.651061,0.095305
36964,884,5.105957,0.291233,ccw,398,398.0000,0.864588,11.759890,0.000000
39629,885,3.587502,0.334094,ccw,282,282.0000,0.933933,11.351075,0.000000
39629,885,3.037840,-0.044356,cw,1869,1869.0000,-0.901447,90.058456,0.039620
139740,886,5.684795,0.232309,ccw,566,566.0000,0.879875,11.558311,0.000000
139745,887,4.011848,0.296951,ccw,339,339.0000,0.895383,14.093204,0.000000
139745,887,7.958291,0.055138,ccw,3179,3179.0000,0.732459,86.887275,0.000000
139746,888,5.259920,0.360336,ccw,320,320.0000,0.773683,3.700189,0.000000
139746,888,8.221591,-0.450490,cw,292,292.0000,-0.686051,5.673830,0.062412
145794,889,3.918411,-0.166556,cw,577,577.0000,-0.919658,14.995897,0.000000
145805,890,3.630744,-0.044405,cw,2088,2088.0000,-0.918780,76.624701,0.008534
145805,890,8.196072,1.049348,ccw,200,200.0000,0.763745,2.552351,0.000000
106209,896,2.971114,-0.106456,cw,713,713.0000,-0.901154,111.098463,0.058675
102550,897,3.208271,-0.103957,cw,746,746.0000,-0.868348,99.096074,0.070490
139942,901,4.414954,0.098629,ccw,1119,1119.0000,0.913654,34.189609,0.000000
145522,904,1.904245,-0.422743,cw,130,130.0000,-0.922037,12.903831,0.074397
52824,923,3.661289,0.121831,ccw,590,590.0000,0.863968,36.304573,0.039592
23114,939,3.461518,0.781767,ccw,106,106.0000,0.926209,5.267632,0.000000
11,1852,2.715285,0.428821,ccw,167,167.0000,0.734849,2.687987,0.058743
4,1865,4.198574,0.706252,ccw,155,155.0000,0.747982,2.411309,0.041805
2,1867,2.250485,0.219284,ccw,270,270.0000,0.893686,7.861333,0.089892
5,1870,6.018453,0.996210,ccw,157,157.0000,0.731260,6.124465,0.019723
5,1870,3.204202,0.516579,ccw,161,161.0000,0.905153,6.805699,0.004126
5,1870,2.350601,0.351516,ccw,184,184.0000,0.863464,8.127814,0.018037
7,1882,3.965295,0.044364,ccw,2265,2265.0000,0.899794,83.989774,0.010433
7,1882,3.545161,-0.186763,cw,417,417.0000,-0.964624,12.821143,0.000000
8,1883,3.299927,-0.189673,cw,429,429.0000,-0.897572,11.867966,0.049520
15,1889,5.593120,0.477904,ccw,247,247.0000,0.630001,9.115674,0.042732
15,1889,4.378500,0.191967,ccw,463,463.0000,0.842242,13.630169,0.020781
16,1890,4.952931,0.789803,ccw,128,128.0000,0.948391,3.603666,0.000000
21,1895,3.120676,0.662928,ccw,122,122.0000,0.848306,1.465074,0.013184
29,1899,4.513237,-0.081181,cw,1429,1429.0000,-0.884060,98.619730,0.000000
48,1922,1.827316,0.547393,ccw,80,80.0000,0.828317,3.788043,0.034927
107,1953,3.536905,0.109873,ccw,857,857.0000,0.883745,28.005927,0.026542
107,1953,2.158478,0.583170,ccw,88,88.0000,0.863432,3.178383,0.050681
113,1995,3.319049,0.568908,ccw,138,138.0000,0.854582,2.437741,0.006620
137,2010,8.795838,0.708927,ccw,282,282.0000,0.713089,2.963319,0.000000
137,2010,6.595292,0.501763,ccw,317,317.0000,0.924053,3.334264,0.000000
144,2017,2.168002,0.675484,ccw,82,82.0000,0.885890,1.550075,0.033186
145,2030,3.662175,0.854411,ccw,103,103.0000,0.858380,2.755419,0.013034
167,2032,4.138505,0.627308,ccw,157,157.0000,0.895357,3.200336,0.000000
212,2081,3.257488,-0.183770,cw,408,408.0000,-0.874465,12.120103,0.089245
211,2099,2.060792,0.399028,ccw,126,126.0000,0.939070,5.437559,0.008973
224,2103,3.670860,0.043768,ccw,2037,2037.0000,0.887031,94.738169,0.006064
269,2108,2.815251,0.265328,ccw,259,259.0000,0.888685,12.049329,0.026048
288,2111,3.624631,0.188701,ccw,427,427.0000,0.829712,15.933278,0.058285
270,2117,2.954159,0.443008,ccw,154,154.0000,0.829342,6.430267,0.013213
262,2120,2.571276,0.242435,ccw,247,247.0000,0.863622,11.773385,0.070759
257,2123,2.897664,0.252614,ccw,286,286.0000,0.883819,16.900717,0.038504
267,2124,2.907110,0.266908,ccw,290,290.0000,0.860801,15.163819,0.037317
289,2127,2.898106,0.256347,ccw,285,285.0000,0.879162,17.813333,0.037841
290,2128,2.915027,0.255633,ccw,287,287.0000,0.889190,17.906138,0.031146
263,2129,2.891698,0.252045,ccw,291,291.0000,0.871670,21.311261,0.039256
258,2131,3.860353,0.265998,ccw,373,373.0000,0.882337,18.502280,0.000000
232,2132,3.854815,0.271188,ccw,378,378.0000,0.890266,19.270082,0.000000
272,2136,2.769884,0.248039,ccw,288,288.0000,0.879201,14.249431,0.042335
285,2137,3.764810,0.269325,ccw,365,365.0000,0.846266,18.273841,0.015463
306,2138,2.720703,0.245725,ccw,282,282.0000,0.881806,14.636577,0.041800
246,2139,3.837221,0.476716,ccw,140,140.0000,0.901361,6.587835,0.000000
261,2140,3.934577,0.268312,ccw,384,384.0000,0.876325,21.340510,0.000000
229,2142,2.983340,0.298901,ccw,245,245.0000,0.798242,8.553372,0.060575
228,2150,1.589949,0.368533,ccw,109,109.0000,0.863163,6.858323,0.054621
228,2150,2.962288,0.441194,ccw,155,155.0000,0.828591,6.432970,0.013289
247,2154,3.343252,0.280958,ccw,318,318.0000,0.775023,9.419709,0.064430
268,2155,1.593015,0.396838,ccw,102,102.0000,0.914091,6.649916,0.026289
277,2156,2.614108,0.294320,ccw,239,239.0000,0.781734,8.454863,0.098015
256,2157,2.535690,0.284268,ccw,230,230.0000,0.789350,8.764390,0.097143
250,2162,2.361334,0.280897,ccw,192,192.0000,0.805179,7.479017,0.094447
28,2173,2.298821,-0.067985,cw,941,941.0000,-0.931458,122.797027,0.093823
25,2176,2.505507,-0.077295,cw,919,919.0000,-0.969402,112.559015,0.025938
33,2177,2.380500,-0.063742,cw,1041,1041.0000,-0.947214,126.053929,0.063626
63705850,2188,1.881630,0.555249,ccw,100,100.0000,0.823598,4.165788,0.036475
63704970,2189,5.206862,0.370785,ccw,424,424.0000,0.913602,14.359030,0.000000
63705980,2190,2.748043,-0.126668,cw,547,547.0000,-0.978332,22.597660,0.014888
63705980,2190,3.076503,0.595988,ccw,131,131.0000,0.887038,6.667110,0.007513
63250690,2195,3.391389,0.554278,ccw,161,161.0000,0.649180,6.059254,0.078577
63250690,2195,2.388973,0.225632,ccw,270,270.0000,0.923594,16.525439,0.050676
64902870,2196,9.247642,0.250086,ccw,787,787.0000,0.815420,25.539045,0.000000
64901870,2197,4.853341,-0.024138,cw,3401,3401.0000,-0.850854,84.516064,0.006911
64901870,2197,4.298536,0.137352,ccw,848,848.0000,0.827605,24.171241,0.037250
64901870,2197,2.297822,0.609680,ccw,97,97.0000,0.787720,2.602315,0.098295
64901870,2197,1.646412,0.260686,ccw,154,154.0000,0.916830,10.449837,0.097980
64901870,2197,7.471496,0.207586,ccw,660,660.0000,0.834906,30.807565,0.000000
64903820,2198,4.691384,0.103256,ccw,1047,1047.0000,0.844251,67.318524,0.000000
64903820,2198,4.432964,0.060181,ccw,2017,2017.0000,0.953657,68.986711,0.000000
64903820,2198,5.754563,0.910106,ccw,163,163.0000,0.912772,4.899566,0.000000
64903820,2198,4.429878,0.469944,ccw,229,229.0000,0.785061,7.031728,0.004064
64903820,2198,2.762987,0.644398,ccw,115,115.0000,0.793397,6.710003,0.065235
64903820,2198,6.235805,0.208810,ccw,817,817.0000,0.838578,17.868564,0.000000
64903820,2198,5.609279,0.431915,ccw,349,349.0000,0.838719,5.662298,0.000000
64903820,2198,12.559966,0.607175,ccw,497,497.0000,0.942048,7.247354,0.000000
64903820,2198,4.515544,0.213702,ccw,554,554.0000,0.925277,9.449765,0.000000
64903820,2198,2.627858,0.098092,ccw,750,750.0000,0.966196,30.180928,0.000000
64010410,2199,2.381409,-0.028808,cw,2539,2539.0000,-0.933806,125.793871,0.080750
66615910,2205,6.874767,-0.072535,cw,2893,2893.0000,-0.884780,85.314239,0.000000
64501650,2206,3.331739,-0.202182,cw,424,424.0000,-0.909042,16.905953,0.054174
65380700,2207,5.464034,0.516317,ccw,296,296.0000,0.640387,4.074957,0.036331
65949910,2210,4.057483,-0.055071,cw,2138,2138.0000,-0.850309,96.342808,0.020779
65949910,2210,7.163120,-0.116472,cw,1540,1540.0000,-0.906002,60.398081,0.000000
65949910,2210,2.170763,0.498309,ccw,107,107.0000,0.831644,3.487191,0.029861
65311630,2213,3.753736,-0.096807,cw,1026,1026.0000,-0.878067,83.943397,0.030354
65311630,2213,9.804136,0.686680,ccw,316,316.0000,0.675630,3.373943,0.006096
65311660,2219,3.649252,-0.116682,cw,870,870.0000,-0.916931,73.795227,0.010507
180,2232,3.064191,-0.449714,cw,176,176.0000,-0.885920,5.461271,0.080765
241,2336,2.505369,-0.444907,cw,137,137.0000,-0.959437,6.084086,0.054277
262,2374,2.112119,-0.378756,cw,133,133.0000,-0.937885,8.759741,0.044231
421,2383,1.636994,0.382941,ccw,72,72.0000,0.792890,3.306617,0.098536
331,2431,3.142844,0.668859,ccw,117,117.0000,0.846526,3.356775,0.010901
156,2440,1.827073,0.389166,ccw,112,112.0000,0.834713,4.117964,0.051417
391,2446,1.669674,0.406365,ccw,96,96.0000,0.832124,5.676836,0.056702
176,2453,1.847271,0.396746,ccw,116,116.0000,0.789720,4.089368,0.075563
194,2467,3.031582,0.388364,ccw,195,195.0000,0.743838,6.720324,0.047485
71,2518,2.331282,0.472020,ccw,116,116.0000,0.903382,6.240045,0.007495
294,2557,4.405350,0.625019,ccw,147,147.0000,0.826444,3.534335,0.004714
47,2574,1.839322,0.413412,ccw,114,114.0000,0.882772,6.489249,0.027148
40,2579,3.857629,1.163341,ccw,91,91.0000,0.910766,2.598328,0.000000
40,2579,5.246585,0.614679,ccw,152,152.0000,0.824091,3.887478,0.000000
40,2579,2.476217,1.049981,ccw,67,67.0000,0.901110,2.450747,0.059539
609,2582,12.691764,0.349805,ccw,858,858.0000,0.903259,24.402072,0.000000
566,2589,1.602658,0.586450,ccw,62,62.0000,0.884704,3.226924,0.079196
567,2590,2.651755,0.997986,ccw,67,67.0000,0.928223,2.351497,0.011328
561,2592,2.222523,0.529149,ccw,96,96.0000,0.766694,4.806968,0.049982
510,2616,1.575659,0.338950,ccw,122,122.0000,0.873286,15.050681,0.052638
510,2616,11.545682,0.468762,ccw,598,598.0000,0.925259,16.980154,0.000000
500,2618,2.784280,0.391674,ccw,184,184.0000,0.723293,15.221975,0.067801
425,2623,6.373712,0.494241,ccw,212,212.0000,0.768441,7.182409,0.000000
425,2623,3.451451,1.167388,ccw,80,80.0000,0.887582,3.231838,0.013236
544,2629,1.879423,0.516787,ccw,90,90.0000,0.948883,4.978707,0.007066
505,2631,4.328382,1.007442,ccw,114,114.0000,0.809621,2.462132,0.016794
505,2631,4.759939,0.750153,ccw,179,179.0000,0.788504,3.494385,0.023586
428,2636,2.981292,1.301847,ccw,67,67.0000,0.915055,1.596329,0.000000
587,2642,2.197160,0.342895,ccw,161,161.0000,0.919746,4.865791,0.006408
487,2648,1.560625,0.350028,ccw,128,128.0000,0.840705,9.809140,0.071011
678,2650,5.955537,1.030628,ccw,141,141.0000,0.907483,2.044023,0.000000
545,2653,2.175548,0.344186,ccw,161,161.0000,0.780709,5.833859,0.061227
662,2655,3.629938,0.325585,ccw,242,242.0000,0.875423,17.249668,0.000000
662,2655,2.401407,0.368461,ccw,164,164.0000,0.909413,24.370419,0.009062
666,2657,3.007150,0.406181,ccw,202,202.0000,0.882516,8.079640,0.006350
661,2658,4.439330,0.996355,ccw,114,114.0000,0.825684,3.017268,0.011810
661,2658,4.555326,0.778616,ccw,168,168.0000,0.800030,3.514760,0.027363
594,2687,1.872586,0.357862,ccw,159,159.0000,0.932765,9.326511,0.012832
596,2691,2.282935,0.432247,ccw,142,142.0000,0.904235,7.549938,0.009084
562,2700,2.722940,0.785128,ccw,85,85.0000,0.867354,2.875248,0.051913
629,2705,4.273554,0.609708,ccw,195,195.0000,0.755396,1.768292,0.027069
629,2705,5.761417,1.081232,ccw,140,140.0000,0.823697,2.043149,0.000000
620,2707,2.698364,1.240686,ccw,56,56.0000,0.873187,1.015268,0.076647
620,2707,4.355767,1.174450,ccw,107,107.0000,0.790013,1.796099,0.053433
160,2709,3.169719,0.418534,ccw,184,184.0000,0.873591,13.260043,0.002317
168,2710,2.031651,0.404233,ccw,123,123.0000,0.783731,19.158637,0.065120
166,2712,4.567203,0.270079,ccw,394,394.0000,0.795927,26.052892,0.020728
121,2715,4.149326,1.443802,ccw,84,84.0000,0.763675,1.410933,0.077975
164,2717,2.347694,0.452182,ccw,137,137.0000,0.877962,8.690643,0.011464
162,2719,5.008670,1.550959,ccw,85,85.0000,0.826023,2.120715,0.000000
162,2719,4.057636,1.044190,ccw,103,103.0000,0.813498,2.633919,0.039219
635,2725,5.054857,0.210216,ccw,479,479.0000,0.833114,32.943815,0.000000
122,2731,5.538902,1.081378,ccw,138,138.0000,0.762930,2.085284,0.019420
127,2733,2.873590,0.393190,ccw,200,200.0000,0.763871,9.720105,0.038310
641,2740,2.559526,0.433721,ccw,156,156.0000,0.948219,8.039604,0.003834
649,2748,3.127592,0.268607,ccw,300,300.0000,0.797622,23.050767,0.077930
648,2751,2.236881,0.375348,ccw,147,147.0000,0.913909,8.785611,0.008481
517,2754,1.633777,1.630261,ccw,30,30.0000,0.945992,1.395980,0.047853
575,2758,6.118558,1.148384,ccw,159,159.0000,0.775307,2.067502,0.012674
578,2760,5.485440,1.345693,ccw,115,115.0000,0.820127,1.692641,0.000000
682,2762,2.708463,0.388388,ccw,175,175.0000,0.917295,19.333999,0.002276
692,2764,2.001770,0.546941,ccw,105,105.0000,0.934060,5.895302,0.006909
701,2767,3.158049,1.129974,ccw,77,77.0000,0.927801,2.540081,0.000000
701,2767,4.457695,0.624082,ccw,200,200.0000,0.744222,1.706084,0.026044
739,2772,2.870002,1.332956,ccw,57,57.0000,0.877479,2.099587,0.038397
739,2772,4.730294,0.774735,ccw,176,176.0000,0.808450,3.602842,0.000000
554,2787,2.798717,0.338247,ccw,215,215.0000,0.842940,14.459789,0.015410
554,2787,2.963986,0.436879,ccw,170,170.0000,0.870770,17.338140,0.008999
111,2797,3.779574,0.794726,ccw,130,130.0000,0.787957,3.153199,0.083088
111,2797,2.655968,1.325940,ccw,54,54.0000,0.894706,2.250974,0.065776
111,2797,3.663868,0.710698,ccw,148,148.0000,0.792157,4.043656,0.043207
690,2811,7.608599,1.249082,ccw,168,168.0000,0.804579,1.406329,0.000000
479,2816,6.332947,0.306037,ccw,443,443.0000,0.782471,22.483764,0.000000
707,2819,1.948813,0.376696,ccw,138,138.0000,0.834653,6.949232,0.048972
699,2827,3.313197,0.452895,ccw,180,180.0000,0.899806,10.756049,0.003937
699,2827,9.146620,0.436314,ccw,506,506.0000,0.939697,16.702651,0.000000
696,2829,15.470218,0.369949,ccw,938,938.0000,0.838324,20.037861,0.000000
736,2833,2.738825,0.467594,ccw,157,157.0000,0.956892,6.611980,0.000000
552,2835,3.895749,0.594367,ccw,140,140.0000,0.785226,3.049796,0.017011
552,2835,3.944558,0.450602,ccw,207,207.0000,0.800941,2.514280,0.005447
556,2836,1.855907,0.463566,ccw,102,102.0000,0.832407,4.220285,0.043261
556,2836,2.454365,0.685175,ccw,76,76.0000,0.846619,2.565561,0.050035
534,2838,3.712214,0.448582,ccw,196,196.0000,0.785306,2.557432,0.009037
533,2842,2.280808,0.122357,ccw,426,426.0000,0.933779,17.288656,0.081819
1007,2845,1.942626,0.397386,ccw,90,90.0000,0.935659,5.856386,0.009863
531,2848,3.712494,0.448864,ccw,195,195.0000,0.784603,2.568880,0.013323
572,2849,4.609829,0.395059,ccw,184,184.0000,0.606498,7.600317,0.093885
572,2849,3.686029,0.447487,ccw,194,194.0000,0.785811,2.609287,0.013323
689,2850,3.659048,0.448134,ccw,193,193.0000,0.795566,2.584408,0.009181
928,2851,3.683364,0.451927,ccw,194,194.0000,0.787054,2.572066,0.007384
129,2852,2.936574,0.394790,ccw,193,193.0000,0.778385,6.576886,0.032588
536,2853,4.560560,0.566686,ccw,177,177.0000,0.833975,4.477079,0.000000
539,2854,3.911916,0.447338,ccw,206,206.0000,0.783358,2.486781,0.008478
550,2855,3.940391,0.448439,ccw,207,207.0000,0.796257,2.489402,0.009448
687,2856,3.155156,0.491200,ccw,130,130.0000,0.806254,3.896032,0.013239
700,2857,3.934140,0.445463,ccw,207,207.0000,0.788041,2.492580,0.006431
710,2858,1.862994,0.391319,ccw,120,120.0000,0.821513,5.573777,0.054230
710,2858,3.862882,0.452415,ccw,202,202.0000,0.781184,2.479930,0.006975
574,2859,4.030545,0.457355,ccw,209,209.0000,0.811093,2.598462,0.002796
709,2860,3.728877,0.454848,ccw,196,196.0000,0.776381,2.583468,0.011743
712,2861,4.105929,0.572936,ccw,147,147.0000,0.894670,4.491368,0.000000
712,2861,3.759340,0.449024,ccw,198,198.0000,0.777661,2.579458,0.013129
712,2861,1.778337,-0.497801,cw,91,91.0000,-0.946428,7.629931,0.034758
920,2862,3.759690,0.449712,ccw,198,198.0000,0.769821,2.597929,0.014813
925,2863,1.747502,0.352566,ccw,108,108.0000,0.870415,4.057620,0.036669
925,2863,3.948962,0.449019,ccw,206,206.0000,0.794339,2.507371,0.008599
29,2865,3.951606,0.453348,ccw,207,207.0000,0.790459,2.501004,0.004751
476,2866,3.708645,0.450762,ccw,196,196.0000,0.788269,2.550100,0.006975
570,2867,3.587686,0.450110,ccw,190,190.0000,0.779718,2.611834,0.014813
570,2867,2.400929,-0.465927,cw,128,128.0000,-0.911501,9.015369,0.048616
576,2868,3.718711,0.450759,ccw,196,196.0000,0.792259,2.565487,0.007335
711,2869,3.293771,0.445594,ccw,177,177.0000,0.794475,2.603036,0.015979
713,2870,3.614652,0.445607,ccw,192,192.0000,0.785657,2.553575,0.013356
879,2872,3.697912,0.448686,ccw,195,195.0000,0.788233,2.642568,0.009336
962,2881,3.951287,0.450303,ccw,206,206.0000,0.794980,2.488339,0.008599
965,2882,3.604494,0.449772,ccw,191,191.0000,0.773754,2.589191,0.015901
1006,2886,3.496432,-0.053309,cw,1793,1793.0000,-0.903531,69.182221,0.014360
1047,2887,3.959337,0.447431,ccw,207,207.0000,0.781695,2.453348,0.008478
872,2894,3.181498,0.535695,ccw,147,147.0000,0.765062,5.453993,0.023858
927,2897,3.403047,0.453084,ccw,182,182.0000,0.796688,2.650047,0.011669
874,2904,3.770564,0.453408,ccw,197,197.0000,0.783476,2.583991,0.007631
874,2904,1.733939,-0.491016,cw,90,90.0000,-0.958924,7.623057,0.041121
933,2906,3.903230,0.444401,ccw,205,205.0000,0.796342,2.475761,0.008219
950,2907,1.752970,0.287275,ccw,150,150.0000,0.959811,6.100103,0.041781
971,2909,5.519217,0.597531,ccw,245,245.0000,0.772184,2.774376,0.007641
984,2910,2.424495,0.288414,ccw,224,224.0000,0.878358,11.036382,0.044299
990,2911,3.937802,0.448236,ccw,206,206.0000,0.794794,2.483551,0.008599
1043,2914,3.440299,0.446998,ccw,183,183.0000,0.781321,2.641121,0.015774
871,2917,2.860946,0.402655,ccw,185,185.0000,0.779004,6.661988,0.033546
871,2917,2.389600,-0.491792,cw,122,122.0000,-0.929187,5.985131,0.030846
873,2918,3.714636,0.452605,ccw,196,196.0000,0.774465,2.571695,0.013121
876,2919,3.935325,0.448435,ccw,206,206.0000,0.797905,2.503233,0.008597
973,2922,5.315319,0.521310,ccw,245,245.0000,0.786470,2.494256,0.006693
932,2927,4.214313,0.552866,ccw,166,166.0000,0.828400,3.767788,0.006316
935,2928,4.541481,0.466546,ccw,181,181.0000,0.730570,5.730495,0.015583
935,2928,3.758128,0.454130,ccw,197,197.0000,0.783581,2.573838,0.007384
991,2930,6.403669,0.598749,ccw,276,276.0000,0.786550,2.806834,0.000000
996,2931,4.018166,0.449864,ccw,209,209.0000,0.797587,2.515775,0.009207
999,2932,3.970423,0.447103,ccw,207,207.0000,0.792617,2.493711,0.007981
1044,2933,2.368407,0.397885,ccw,147,147.0000,0.845489,4.029359,0.019231
841,2936,4.918042,0.602557,ccw,186,186.0000,0.839653,4.152300,0.000000
936,2937,3.998019,0.453853,ccw,208,208.0000,0.796197,2.482950,0.005151
994,2939,2.017206,0.390668,ccw,126,126.0000,0.866185,4.192772,0.026172
799,2940,3.658259,0.645170,ccw,120,120.0000,0.914199,4.253821,0.000000
799,2940,3.745219,0.450769,ccw,197,197.0000,0.774973,2.587492,0.011670
848,2941,3.772425,0.451083,ccw,198,198.0000,0.783854,2.599592,0.007631
930,2942,7.462228,0.520877,ccw,332,332.0000,0.870716,3.216039,0.000000
931,2943,3.987325,0.451228,ccw,208,208.0000,0.785593,2.505336,0.004195
939,2944,4.652364,0.465836,ccw,181,181.0000,0.656181,6.058006,0.045380
939,2944,3.728161,0.449758,ccw,197,197.0000,0.776225,2.609843,0.013064
977,2945,2.387120,-0.429822,cw,136,136.0000,-0.856673,16.581554,0.091604
979,2946,3.148756,0.622725,ccw,105,105.0000,0.905307,3.810862,0.000000
979,2946,3.867086,0.449965,ccw,202,202.0000,0.795077,2.491775,0.007101
1049,2947,3.966874,0.448004,ccw,207,207.0000,0.793672,2.487362,0.008599
130,2948,3.912363,0.452977,ccw,206,206.0000,0.788107,2.488826,0.004090
780,2949,1.775500,0.425222,ccw,101,101.0000,0.860726,3.779923,0.038934
798,2950,1.727873,0.381822,ccw,110,110.0000,0.887331,4.431291,0.032967
846,2951,3.402676,0.657177,ccw,112,112.0000,0.896693,4.095684,0.000000
846,2951,3.189775,-0.463023,cw,139,139.0000,-0.891841,15.970295,0.072843
847,2952,4.567993,0.465059,ccw,181,181.0000,0.687396,5.724626,0.035526
847,2952,3.741266,0.452530,ccw,197,197.0000,0.776166,2.583754,0.011670
934,2957,3.762646,0.450919,ccw,197,197.0000,0.777106,2.576296,0.011669
934,2957,1.729016,-0.497257,cw,89,89.0000,-0.945805,7.865649,0.044125
1045,2959,2.663692,0.476323,ccw,107,107.0000,0.837386,3.805147,0.015861
137,2960,3.937715,0.451644,ccw,206,206.0000,0.789848,2.491238,0.004573
792,2961,3.778380,0.451936,ccw,198,198.0000,0.787937,2.665573,0.007076
842,2963,1.688643,0.276353,ccw,152,152.0000,0.930247,5.410352,0.062164
843,2964,3.051194,0.433446,ccw,168,168.0000,0.776396,2.631406,0.029188
844,2965,3.269702,0.459252,ccw,175,175.0000,0.816106,2.729807,0.007205
135,2969,2.712460,0.439305,ccw,143,143.0000,0.683716,2.673767,0.095832
796,2972,4.713831,0.558478,ccw,224,224.0000,0.731156,3.322196,0.010336
796,2972,3.367365,0.129454,ccw,613,613.0000,0.882656,26.805086,0.036575
133,2976,2.465940,0.272584,ccw,237,237.0000,0.878095,12.071723,0.046847
910,2981,3.605873,0.447848,ccw,191,191.0000,0.787955,2.566470,0.012981
1041,2982,1.643345,0.549865,ccw,66,66.0000,0.931755,3.495888,0.013863
784,2986,3.734650,0.446702,ccw,196,196.0000,0.778123,2.594182,0.012899
817,2991,5.360517,0.506210,ccw,253,253.0000,0.825196,5.482361,0.000000
819,2992,3.514433,0.444247,ccw,187,187.0000,0.776580,2.585452,0.015188
766,2995,3.926376,0.443301,ccw,206,206.0000,0.785563,2.469952,0.006217
770,2996,3.971276,0.452108,ccw,207,207.0000,0.805173,2.540726,0.005701
775,2997,3.944514,0.446373,ccw,206,206.0000,0.795698,2.477954,0.009448
892,2999,3.105837,0.511737,ccw,133,133.0000,0.899477,4.224311,0.006877
897,3000,3.069068,-0.061133,cw,1300,1300.0000,-0.933963,59.823443,0.014360
899,3001,3.793523,0.452343,ccw,199,199.0000,0.772753,2.573806,0.011670
918,3004,3.917682,0.448884,ccw,206,206.0000,0.789940,2.492223,0.006449
918,3004,1.759793,-0.499480,cw,90,90.0000,-0.950783,7.640657,0.037540
774,3005,3.590975,0.656932,ccw,117,117.0000,0.895837,4.181513,0.000000
774,3005,3.431476,0.451087,ccw,183,183.0000,0.775872,2.667446,0.015085
816,3006,3.246186,0.662461,ccw,107,107.0000,0.853635,3.052806,0.010303
816,3006,3.954112,0.447471,ccw,207,207.0000,0.774928,2.453437,0.009336
818,3007,3.942743,0.452105,ccw,206,206.0000,0.791448,2.487704,0.004751
894,3008,4.512288,0.592548,ccw,170,170.0000,0.852076,4.286895,0.000000
896,3009,3.945730,0.448430,ccw,207,207.0000,0.793022,2.488998,0.007981
914,3010,1.701543,0.390091,ccw,104,104.0000,0.880788,4.481823,0.036307
914,3010,3.966813,0.450608,ccw,207,207.0000,0.793133,2.483588,0.005352
914,3010,1.758769,-0.498957,cw,90,90.0000,-0.948193,7.676806,0.034758
952,3011,4.633972,0.594011,ccw,174,174.0000,0.869556,4.343522,0.000000
853,3012,2.129655,0.389104,ccw,135,135.0000,0.820246,4.867072,0.040793
853,3012,4.656416,0.473753,ccw,240,240.0000,0.723299,2.742552,0.015458
859,3013,3.699301,0.447338,ccw,195,195.0000,0.778765,2.586605,0.012899
859,3013,1.787788,-0.499492,cw,91,91.0000,-0.948626,7.621528,0.042002
898,3015,3.888665,0.647065,ccw,141,141.0000,0.758501,3.235002,0.039687
1089,3017,1.578384,0.521684,ccw,76,76.0000,0.867435,3.437136,0.036490
890,3019,4.429698,0.547374,ccw,177,177.0000,0.877695,4.280783,0.000000
891,3020,2.939420,0.394960,ccw,191,191.0000,0.773177,6.496065,0.033811
1087,3022,3.878670,0.449624,ccw,203,203.0000,0.785288,2.511087,0.008478
1093,3023,4.004657,0.449421,ccw,208,208.0000,0.789597,2.496651,0.007532
1094,3024,3.975671,0.449729,ccw,207,207.0000,0.794984,2.469399,0.009448
830,3025,3.953738,0.447031,ccw,207,207.0000,0.795744,2.529280,0.009448
851,3028,2.915650,0.390064,ccw,191,191.0000,0.787506,6.608253,0.025457
838,3038,3.942803,0.449592,ccw,206,206.0000,0.805716,2.542575,0.009622
793,3042,3.706308,0.169414,ccw,484,484.0000,0.822156,16.319140,0.066883
832,3043,3.682598,0.448232,ccw,194,194.0000,0.786257,2.576172,0.013323
773,3058,1.972362,0.227242,ccw,184,184.0000,0.963352,12.100308,0.052563
779,3061,3.499498,0.440717,ccw,187,187.0000,0.775276,2.606649,0.015184
839,3062,3.774400,0.451155,ccw,199,199.0000,0.762805,2.576075,0.014274
17,3070,3.543010,0.544555,ccw,161,161.0000,0.834897,3.574574,0.007281
887,3071,1.820813,0.359509,ccw,95,95.0000,0.859949,3.833632,0.036666
887,3071,3.957770,0.447924,ccw,207,207.0000,0.794033,2.511599,0.008599
887,3071,2.066009,-0.441200,cw,117,117.0000,-0.936258,9.178372,0.063526
1080,3073,4.272851,0.668756,ccw,147,147.0000,0.854372,2.566186,0.000000
834,3075,1.642226,0.390476,ccw,101,101.0000,0.838499,4.429305,0.058725
834,3075,3.958424,0.449064,ccw,207,207.0000,0.798386,2.505056,0.008721
863,3076,4.229822,0.587588,ccw,156,156.0000,0.905818,4.142868,0.000000
886,3077,3.047638,0.534894,ccw,129,129.0000,0.945776,4.494038,0.000000
889,3078,6.475394,0.594012,ccw,274,274.0000,0.779814,2.679263,0.000000
942,3079,3.949410,0.447773,ccw,207,207.0000,0.786288,2.494658,0.006129
944,3080,2.189460,0.401568,ccw,122,122.0000,0.864475,4.644182,0.018136
10,3082,3.789775,0.453302,ccw,199,199.0000,0.777906,2.604626,0.011391
1086,3083,3.557492,0.679901,ccw,120,120.0000,0.848208,2.642060,0.013654
861,3084,3.990497,0.451609,ccw,207,207.0000,0.797973,2.497161,0.005362
882,3085,3.790217,0.451921,ccw,199,199.0000,0.780400,2.574594,0.011770
18,3088,3.953009,0.448191,ccw,206,206.0000,0.791569,2.511632,0.007532
860,3089,3.215272,0.657272,ccw,110,110.0000,0.821026,2.691456,0.020390
860,3089,3.952735,0.447750,ccw,207,207.0000,0.778579,2.462069,0.008862
943,3090,4.234286,0.691182,ccw,140,140.0000,0.760852,2.402904,0.038746
1030,3091,3.139677,0.663381,ccw,105,105.0000,0.859260,2.783830,0.010150
1030,3091,3.929085,0.446152,ccw,206,206.0000,0.793632,2.489618,0.007532
14,3092,3.952608,0.448033,ccw,207,207.0000,0.786211,2.493979,0.006285
756,3093,3.948802,0.446924,ccw,207,207.0000,0.791253,2.482219,0.007101
760,3094,5.166571,0.557891,ccw,231,231.0000,0.713042,3.141337,0.010978
856,3095,3.937312,0.454386,ccw,207,207.0000,0.789992,2.503679,0.004573
948,3096,3.887437,0.442405,ccw,205,205.0000,0.784128,2.469134,0.009375
881,3102,3.315276,0.456145,ccw,177,177.0000,0.805822,2.697779,0.011542
1025,3103,1.802043,-0.441197,cw,100,100.0000,-0.951157,6.835305,0.057221
864,3113,2.317305,0.444862,ccw,116,116.0000,0.863341,3.896781,0.015501
762,3119,2.752939,-0.090933,cw,744,744.0000,-0.895146,24.942266,0.099768
803,3120,2.949538,0.330393,ccw,211,211.0000,0.912549,5.920261,0.000000
862,3123,2.580687,0.344860,ccw,175,175.0000,0.930610,6.512112,0.000000
462,3126,2.933239,-0.057639,cw,1316,1316.0000,-0.885333,83.156993,0.073864
738,3127,2.477127,0.324998,ccw,170,170.0000,0.911320,6.145878,0.005167
747,3137,3.733973,0.447932,ccw,196,196.0000,0.794578,2.611483,0.006011
749,3138,3.947944,0.447308,ccw,207,207.0000,0.792638,2.520727,0.007532
740,3145,3.148202,0.666090,ccw,105,105.0000,0.857819,2.726798,0.010171
740,3145,3.951080,0.447975,ccw,207,207.0000,0.796172,2.498989,0.009448
745,3147,3.945618,0.448272,ccw,205,205.0000,0.794044,2.483182,0.007981
21,3149,3.941162,0.449030,ccw,206,206.0000,0.788993,2.479756,0.006449
946,3151,3.270651,0.606989,ccw,111,111.0000,0.872802,2.990096,0.007346
946,3151,3.934564,0.447133,ccw,206,206.0000,0.791906,2.490398,0.007101
464,3154,3.994351,0.449957,ccw,208,208.0000,0.788231,2.500406,0.007101
528,3155,3.953099,0.448376,ccw,207,207.0000,0.788727,2.459566,0.006449
1021,3162,3.326863,0.449552,ccw,178,178.0000,0.773107,2.618197,0.019053
523,3163,3.669312,0.446218,ccw,195,195.0000,0.781381,2.538987,0.012899
810,3165,3.106666,0.523902,ccw,145,145.0000,0.781066,5.541849,0.019147
1022,3170,2.270471,-0.441441,cw,131,131.0000,-0.933061,6.331548,0.056920
1027,3171,1.668892,0.377196,ccw,109,109.0000,0.823767,4.019689,0.074048
1024,3172,6.482166,0.571635,ccw,273,273.0000,0.805147,2.587792,0.000000
734,3173,3.967602,0.447354,ccw,207,207.0000,0.794387,2.516939,0.008599
815,3175,3.506385,0.638105,ccw,116,116.0000,0.931829,3.706888,0.000000
1026,3176,3.229775,0.653175,ccw,106,106.0000,0.855172,3.016976,0.010081
1026,3176,3.916506,0.443886,ccw,206,206.0000,0.786867,2.472395,0.006269
746,3177,2.790701,0.731189,ccw,77,77.0000,0.924507,3.146004,0.000000
746,3177,3.930642,0.450562,ccw,206,206.0000,0.797465,2.493666,0.006362
1082,3179,3.449601,0.695541,ccw,111,111.0000,0.899525,3.375870,0.000000
1082,3179,3.896124,0.450279,ccw,203,203.0000,0.798746,2.536604,0.009448
1082,3179,1.804853,-0.499253,cw,93,93.0000,-0.933163,7.615793,0.054536
1083,3180,2.872248,0.654502,ccw,82,82.0000,0.923189,3.678219,0.000000
1083,3180,3.932152,0.447384,ccw,206,206.0000,0.790212,2.492060,0.006841
750,3181,3.939826,0.447206,ccw,206,206.0000,0.796674,2.508508,0.009448
753,3182,3.830547,0.448077,ccw,202,202.0000,0.793922,2.501552,0.006449
754,3183,3.958140,0.449325,ccw,207,207.0000,0.795383,2.502759,0.009448
759,3184,3.925502,0.451093,ccw,206,206.0000,0.794063,2.500656,0.005352
769,3185,3.533815,0.436153,ccw,189,189.0000,0.771661,2.525064,0.018146
1028,3186,3.940682,0.447223,ccw,206,206.0000,0.779783,2.457431,0.008862
1088,3188,5.389127,0.538663,ccw,248,248.0000,0.787423,2.554140,0.003731
752,3189,3.949528,0.449234,ccw,205,205.0000,0.792126,2.500168,0.007532
1062,3193,1.716208,0.324333,ccw,131,131.0000,0.928571,10.482549,0.028050
527,3216,3.908008,0.449951,ccw,205,205.0000,0.796419,2.512299,0.008599
901,3217,3.923339,0.451505,ccw,206,206.0000,0.783600,2.498212,0.006579
138,3218,3.486890,0.435438,ccw,187,187.0000,0.804144,2.708170,0.010483
521,3220,3.956846,0.447897,ccw,207,207.0000,0.788413,2.474775,0.006449
1013,3221,2.662603,-0.420219,cw,156,156.0000,-0.908696,5.630333,0.057656
852,3222,3.745083,0.450636,ccw,197,197.0000,0.779077,2.620301,0.011669
555,3223,3.718862,0.451344,ccw,194,194.0000,0.771939,2.636471,0.013493
526,3224,3.919387,0.443460,ccw,205,205.0000,0.791348,2.481539,0.007015
